id_client,name,email,subscription_date,country
1,Donald Walker,rhodespatricia@example.org,2024-12-19,Germany
2,Brandon Hall,hoffmanjennifer@example.net,2024-10-26,France
3,Kevin Pacheco,blakeerik@example.com,2024-09-06,Belgium
4,Tyler Rogers,jamesmichael@example.com,2024-01-26,Italy
5,Monica Herrera,smiller@example.net,2024-11-10,Italy
6,Laura Bush,stanleykendra@example.org,2024-11-26,Spain
7,Jamie Chavez,francisco53@example.net,2025-08-12,Germany
8,Maria Lynch,amandasanchez@example.com,2023-11-07,Canada
9,Margaret Hawkins DDS,perezantonio@example.com,2024-03-09,Germany
10,Thomas Bradley,jason76@example.net,2024-04-02,USA
11,David Hoffman,julie69@example.com,2024-06-04,Switzerland
12,Brenda Snyder PhD,hernandezernest@example.net,2024-02-19,France
13,James Ferrell,tasha01@example.net,2024-04-25,France
14,Patricia Peterson,ryan70@example.net,2025-09-13,Germany
15,Jonathan White,harrellkenneth@example.net,2025-09-04,Italy
16,James Martin,georgetracy@example.org,2024-07-27,Italy
17,Sandra Parker,allenashley@example.org,2025-11-01,Canada
18,Mr. Philip Cannon,donnaarroyo@example.org,2023-04-22,USA
19,Jenny Lewis,jenniferross@example.net,2023-11-05,France
20,Joseph Martinez,calebsmith@example.net,2024-12-30,Canada
21,Benjamin Welch,carlosjohnson@example.com,2023-09-27,Italy
22,Michael Lewis,jenniferkhan@example.net,2023-04-06,Canada
23,Rhonda Lee,hopkinsmichael@example.com,2024-06-19,Switzerland
24,Megan Joyce,brownjessica@example.org,2024-06-13,Italy
25,Jerry Henderson,steven17@example.net,2023-10-18,UK
26,Kimberly Smith,housemelinda@example.org,2023-05-06,USA
27,Dr. Steven Martin,gallowayjoseph@example.com,2024-04-08,Belgium
28,Monica Logan,smoore@example.org,2023-11-27,France
29,Kimberly Adkins,williamsthomas@example.net,2025-12-14,Spain
30,Angela Lopez,leonardjoe@example.org,2023-07-10,Switzerland
31,Lauren Williams,barnesbrandy@example.net,2025-11-15,Netherlands
32,Michael Edwards,randy47@example.com,2023-12-31,Belgium
33,Alexandra Howell,jonesjason@example.com,2025-11-01,Spain
34,Benjamin Sanchez,eric84@example.net,2023-06-13,Italy
35,Kendra Contreras,sarah12@example.com,2025-12-31,Netherlands
36,Juan Nelson,jenniferharris@example.net,2023-05-25,Germany
37,Danielle Odonnell,davisrodney@example.com,2025-08-09,Germany
38,Carlos Whitney,joycearnold@example.com,2023-03-08,Switzerland
39,Tony Vazquez,amydavenport@example.net,2024-09-24,Germany
40,Andrew Diaz,nolanjason@example.org,2024-09-15,Netherlands
41,Justin Baxter,sarayoung@example.org,2025-01-18,Netherlands
42,Sierra Johnson,kimberly63@example.com,2025-12-22,USA
43,Janet Williams,dwalker@example.com,2023-07-12,Belgium
44,Crystal Johnson,raymondramirez@example.org,2023-12-19,France
45,Martin Ross,sheila14@example.org,2025-12-12,UK
46,Mrs. Linda Reed,samuel81@example.com,2024-10-15,Canada
47,Andrew Graham,michaeljones@example.net,2025-09-29,Germany
48,Mary Martinez,william65@example.com,2025-10-23,Switzerland
49,Cheryl Ortega,lbyrd@example.net,2025-02-20,Germany
50,Roy Torres,russellcarpenter@example.net,2024-10-03,Canada
51,Michael Dixon,donnacampbell@example.net,2024-01-06,Belgium
52,Robert Potter,jeffrey32@example.org,2024-12-12,USA
53,Miss Patricia Gibson,jennifercruz@example.com,2023-03-10,Netherlands
54,Abigail Potter,osbornejeffery@example.net,2023-10-13,USA
55,David Charles,danderson@example.net,2024-08-08,Italy
56,Emily Fischer,usalazar@example.net,2024-08-22,Germany
57,Jill Moore,wcole@example.org,2024-04-30,France
58,Richard Washington,joshuajones@example.com,2025-07-26,Italy
59,Steven Miller,jessebenson@example.net,2023-10-02,Belgium
60,Gary Owens,clarkrobert@example.net,2023-09-10,Germany
61,Spencer Johnston,wsmith@example.com,2025-11-19,Italy
62,Tiffany Barnes,tracynelson@example.com,2025-04-23,Germany
63,Michael Powell,marycalhoun@example.net,2023-02-19,Switzerland
64,Leslie Alvarado,dayderek@example.com,2024-08-25,Belgium
65,Garrett Gibson,kathleen64@example.com,2023-08-05,UK
66,Alec Ryan,jeffrey10@example.org,2023-10-22,Netherlands
67,Alex Hernandez,thomaswilson@example.org,2025-11-23,Spain
68,Jacob Obrien,stricklandfrank@example.com,2024-06-11,Netherlands
69,Eric Byrd,tsanders@example.org,2023-05-17,Netherlands
70,Lori Garcia,melissa91@example.net,2023-04-12,Italy
71,Jeffrey Wood,alexander67@example.org,2025-05-24,Belgium
72,Steven Stevens,ryangross@example.net,2024-05-07,Germany
73,Kimberly Webb,lpetersen@example.com,2023-11-10,USA
74,Timothy Ramirez,dsanchez@example.net,2024-01-06,Spain
75,Allen Rosales,tonykelly@example.com,2024-11-17,Canada
76,Meredith Hill,blackjames@example.org,2024-01-26,Italy
77,Peter Vaughn DDS,bwest@example.org,2025-03-17,Spain
78,David Beck,thomas85@example.com,2023-12-07,UK
79,Heather Chavez,john13@example.com,2026-01-14,Switzerland
80,Pamela Lopez,joannahill@example.net,2023-05-29,Belgium
81,Diane Garcia,kennethward@example.com,2025-12-23,Canada
82,Denise Mccann,heidi27@example.org,2023-02-03,Italy
83,Julie Alexander,tammyking@example.com,2025-08-31,Netherlands
84,John Ray,hernandezlisa@example.com,2023-05-23,France
85,Justin Butler,kimberlyjames@example.com,2023-04-22,Italy
86,Jessica Carroll,lynchjody@example.org,2023-12-10,France
87,Brad Allen,moorericky@example.net,2024-12-03,Netherlands
88,David Mann,ojones@example.com,2024-10-30,Switzerland
89,Mary Peck,owilson@example.net,2025-05-30,Belgium
90,Charles Brown,brooke94@example.com,2023-07-01,Germany
91,Melissa Bender,mkim@example.org,2023-06-04,Italy
92,Lindsey Johnson,suzannehuff@example.net,2025-09-18,USA
93,Phillip Underwood,hinesgregory@example.net,2024-10-22,Netherlands
94,Catherine Richards,ecosta@example.com,2025-01-01,Italy
95,Brian Martin,ssteele@example.net,2024-04-10,UK
96,Krista Gibson,johnny16@example.net,2025-11-18,Switzerland
97,Sean Murray,lopezmichael@example.com,2025-07-10,UK
98,Christina Dunn,samuel71@example.org,2024-12-03,Spain
99,Cynthia Moore,tranchristopher@example.org,2025-12-19,Belgium
100,Ronnie Jimenez,william46@example.com,2024-06-07,Spain
